-- MySQL dump 10.13  Distrib 8.0.36, for Win64 (x86_64)
--
-- Host: 127.0.0.1    Database: big_event
-- ------------------------------------------------------
-- Server version	8.0.36

/*!40101 SET @OLD_CHARACTER_SET_CLIENT=@@CHARACTER_SET_CLIENT */;
/*!40101 SET @OLD_CHARACTER_SET_RESULTS=@@CHARACTER_SET_RESULTS */;
/*!40101 SET @OLD_COLLATION_CONNECTION=@@COLLATION_CONNECTION */;
/*!50503 SET NAMES utf8mb4 */;
/*!40103 SET @OLD_TIME_ZONE=@@TIME_ZONE */;
/*!40103 SET TIME_ZONE='+00:00' */;
/*!40014 SET @OLD_UNIQUE_CHECKS=@@UNIQUE_CHECKS, UNIQUE_CHECKS=0 */;
/*!40014 SET @OLD_FOREIGN_KEY_CHECKS=@@FOREIGN_KEY_CHECKS, FOREIGN_KEY_CHECKS=0 */;
/*!40101 SET @OLD_SQL_MODE=@@SQL_MODE, SQL_MODE='NO_AUTO_VALUE_ON_ZERO' */;
/*!40111 SET @OLD_SQL_NOTES=@@SQL_NOTES, SQL_NOTES=0 */;

--
-- Table structure for table `article`
--

DROP TABLE IF EXISTS `article`;
/*!40101 SET @saved_cs_client     = @@character_set_client */;
/*!50503 SET character_set_client = utf8mb4 */;
CREATE TABLE `article` (
  `id` int unsigned NOT NULL AUTO_INCREMENT COMMENT 'ID',
  `title` varchar(30) NOT NULL COMMENT '文章标题',
  `content` varchar(10000) NOT NULL COMMENT '文章内容',
  `cover_img` varchar(128) NOT NULL COMMENT '文章封面',
  `state` varchar(3) DEFAULT '草稿' COMMENT '文章状态: 只能是[已发布] 或者 [草稿]',
  `category_id` int unsigned DEFAULT NULL COMMENT '文章分类ID',
  `create_user` int unsigned NOT NULL COMMENT '创建人ID',
  `create_time` datetime NOT NULL COMMENT '创建时间',
  `update_time` datetime NOT NULL COMMENT '修改时间',
  PRIMARY KEY (`id`),
  KEY `fk_article_category` (`category_id`),
  KEY `fk_article_user` (`create_user`),
  CONSTRAINT `fk_article_category` FOREIGN KEY (`category_id`) REFERENCES `category` (`id`),
  CONSTRAINT `fk_article_user` FOREIGN KEY (`create_user`) REFERENCES `user` (`id`)
) ENGINE=InnoDB AUTO_INCREMENT=10 DEFAULT CHARSET=utf8mb4 COLLATE=utf8mb4_0900_ai_ci;
/*!40101 SET character_set_client = @saved_cs_client */;

--
-- Dumping data for table `article`
--

LOCK TABLES `article` WRITE;
/*!40000 ALTER TABLE `article` DISABLE KEYS */;
INSERT INTO `article` VALUES (1,'长沙旅游攻略','天安门...爱去哪去哪...','https://big-event-gwd.oss-cn-beijing.aliyuncs.com/9bf1cf5b-1420-4c1b-91ad-e0f4631cbed4.png','草稿',7,2,'2024-08-08 14:05:47','2024-08-08 14:05:47'),(2,'长沙旅游攻略','天安门...爱去哪去哪...','https://big-event-gwd.oss-cn-beijing.aliyuncs.com/9bf1cf5b-1420-4c1b-91ad-e0f4631cbed4.png','草稿',7,2,'2024-08-08 14:12:57','2024-08-08 14:12:57'),(5,'北京旅游攻略','天安门...爱去哪去哪...','https://big-event-gwd.oss-cn-beijing.aliyuncs.com/9bf1cf5b-1420-4c1b-91ad-e0f4631cbed4.png','草稿',7,2,'2024-08-08 14:42:53','2024-08-08 14:42:53'),(6,'湖北旅游攻略','天安门,颐和园,鸟巢,长城...爱去哪去哪...','https://big-event-gwd.oss-cn-beijing.aliyuncs.com/9bf1cf5b-1420-4c1b-91ad-e0f4631cbed4.png','已发布',7,2,'2024-08-08 15:44:38','2024-08-08 15:44:38'),(9,'张三旅游攻略','天安门...爱去哪去哪...','https://big-event-gwd.oss-cn-beijing.aliyuncs.com/9bf1cf5b-1420-4c1b-91ad-e0f4631cbed4.png','已发布',8,3,'2024-08-08 16:18:41','2024-08-08 16:18:41');
/*!40000 ALTER TABLE `article` ENABLE KEYS */;
UNLOCK TABLES;

--
-- Table structure for table `category`
--

DROP TABLE IF EXISTS `category`;
/*!40101 SET @saved_cs_client     = @@character_set_client */;
/*!50503 SET character_set_client = utf8mb4 */;
CREATE TABLE `category` (
  `id` int unsigned NOT NULL AUTO_INCREMENT COMMENT 'ID',
  `category_name` varchar(32) NOT NULL COMMENT '分类名称',
  `category_alias` varchar(32) NOT NULL COMMENT '分类别名',
  `create_user` int unsigned NOT NULL COMMENT '创建人ID',
  `create_time` datetime NOT NULL COMMENT '创建时间',
  `update_time` datetime NOT NULL COMMENT '修改时间',
  PRIMARY KEY (`id`),
  KEY `fk_category_user` (`create_user`),
  CONSTRAINT `fk_category_user` FOREIGN KEY (`create_user`) REFERENCES `user` (`id`)
) ENGINE=InnoDB AUTO_INCREMENT=9 DEFAULT CHARSET=utf8mb4 COLLATE=utf8mb4_0900_ai_ci;
/*!40101 SET character_set_client = @saved_cs_client */;

--
-- Dumping data for table `category`
--

LOCK TABLES `category` WRITE;
/*!40000 ALTER TABLE `category` DISABLE KEYS */;
INSERT INTO `category` VALUES (1,'美食','meishi',2,'2024-08-08 09:03:48','2024-08-08 11:25:29'),(2,'军事','junshi',2,'2024-08-08 09:27:01','2024-08-08 11:09:17'),(3,'少儿','shaoer',2,'2024-08-08 11:18:38','2024-08-08 11:18:38'),(4,'时事','shishi',2,'2024-08-08 11:25:18','2024-08-08 11:25:18'),(7,'旅游','lvyou',2,'2024-08-08 14:02:39','2024-08-08 14:02:39'),(8,'张三专属','zs',3,'2024-08-08 16:18:04','2024-08-08 16:18:04');
/*!40000 ALTER TABLE `category` ENABLE KEYS */;
UNLOCK TABLES;

--
-- Table structure for table `user`
--

DROP TABLE IF EXISTS `user`;
/*!40101 SET @saved_cs_client     = @@character_set_client */;
/*!50503 SET character_set_client = utf8mb4 */;
CREATE TABLE `user` (
  `id` int unsigned NOT NULL AUTO_INCREMENT COMMENT 'ID',
  `username` varchar(20) NOT NULL COMMENT '用户名',
  `password` varchar(32) DEFAULT NULL COMMENT '密码',
  `nickname` varchar(10) DEFAULT '' COMMENT '昵称',
  `email` varchar(128) DEFAULT '' COMMENT '邮箱',
  `user_pic` varchar(128) DEFAULT '' COMMENT '头像',
  `create_time` datetime NOT NULL COMMENT '创建时间',
  `update_time` datetime NOT NULL COMMENT '修改时间',
  PRIMARY KEY (`id`),
  UNIQUE KEY `username` (`username`)
) ENGINE=InnoDB AUTO_INCREMENT=4 DEFAULT CHARSET=utf8mb4 COLLATE=utf8mb4_0900_ai_ci COMMENT='用户表';
/*!40101 SET character_set_client = @saved_cs_client */;

--
-- Dumping data for table `user`
--

LOCK TABLES `user` WRITE;
/*!40000 ALTER TABLE `user` DISABLE KEYS */;
INSERT INTO `user` VALUES (1,'kk','8630fe83ab05095488033f23a9c408c0','','','','2024-08-06 21:09:30','2024-08-06 21:09:30'),(2,'kkikikk','8630fe83ab05095488033f23a9c408c0','kk','kkikikkxx@gmail.com','','2024-08-07 09:00:06','2024-12-22 20:43:07'),(3,'zhangsan','8630fe83ab05095488033f23a9c408c0','','','https://www.kkikikk.com/ly.png','2024-08-07 16:34:46','2024-08-07 16:57:38');
/*!40000 ALTER TABLE `user` ENABLE KEYS */;
UNLOCK TABLES;
/*!40103 SET TIME_ZONE=@OLD_TIME_ZONE */;

/*!40101 SET SQL_MODE=@OLD_SQL_MODE */;
/*!40014 SET FOREIGN_KEY_CHECKS=@OLD_FOREIGN_KEY_CHECKS */;
/*!40014 SET UNIQUE_CHECKS=@OLD_UNIQUE_CHECKS */;
/*!40101 SET CHARACTER_SET_CLIENT=@OLD_CHARACTER_SET_CLIENT */;
/*!40101 SET CHARACTER_SET_RESULTS=@OLD_CHARACTER_SET_RESULTS */;
/*!40101 SET COLLATION_CONNECTION=@OLD_COLLATION_CONNECTION */;
/*!40111 SET SQL_NOTES=@OLD_SQL_NOTES */;

-- Dump completed on 2024-12-22 20:56:01
